timestamp,filename,size_bytes,line_count,stage_combo,status,event_headers,pick_lines,saved_eventos_csv,saved_erros_csv,meta_no_match,meta_unbound,over_400km,pwave_zero,sem_picks,last_exception,prev_commit,prev_commit_datetime,prev_commit_subject
2024-06-08 16:25:14,20240608162514_Sismo_Pipeline.log,80133,2195,OMT,partial,0,0,0,0,0,0,0,0,0,,b7fd2fe,2024-06-08 16:22:52,corrigindo pequenas coisas
2024-06-08 16:26:12,20240608162612_Sismo_Pipeline.log,729,16,-,trace,0,0,0,0,0,0,0,0,0,UnboundLocalError: cannot access local variable 'DATA_CLIENT_BKP' where it is not associated with a value,b7fd2fe,2024-06-08 16:22:52,corrigindo pequenas coisas
2024-06-08 16:27:29,20240608162729_Sismo_Pipeline.log,510,13,-,partial,0,0,0,0,0,0,0,0,0,,b7fd2fe,2024-06-08 16:22:52,corrigindo pequenas coisas
2024-06-08 16:28:00,20240608162800_Sismo_Pipeline.log,722,16,-,trace,0,0,0,0,0,0,0,0,0,TypeError: main() takes from 0 to 1 positional arguments but 3 were given,b7fd2fe,2024-06-08 16:22:52,corrigindo pequenas coisas
2024-06-08 16:28:30,20240608162830_Sismo_Pipeline.log,722,16,-,trace,0,0,0,0,0,0,0,0,0,TypeError: main() takes from 0 to 1 positional arguments but 3 were given,b7fd2fe,2024-06-08 16:22:52,corrigindo pequenas coisas
2024-06-08 16:35:13,20240608163513_Sismo_Pipeline.log,2401,56,E,partial,0,0,0,0,0,0,0,0,0,,b7fd2fe,2024-06-08 16:22:52,corrigindo pequenas coisas
2024-06-08 18:24:36,20240608182436_Sismo_Pipeline.log,236943,3918,E,partial,0,0,0,0,0,0,0,0,0,,b7fd2fe,2024-06-08 16:22:52,corrigindo pequenas coisas
2024-07-31 13:31:14,Sismo_Pipeline.log.20240731133114,645,20,-,ok,0,0,0,0,0,0,0,0,0,,782e40e,2024-07-31 13:01:12,commit!
2024-07-31 13:31:46,Sismo_Pipeline.log.20240731133146,645,20,-,ok,0,0,0,0,0,0,0,0,0,,782e40e,2024-07-31 13:01:12,commit!
2024-07-31 13:32:16,Sismo_Pipeline.log.20240731133216,1190,41,P,partial,0,0,0,0,0,0,0,0,0,,782e40e,2024-07-31 13:01:12,commit!
2024-07-31 13:37:51,Sismo_Pipeline.log.20240731133751,1190,41,P,partial,0,0,0,0,0,0,0,0,0,,782e40e,2024-07-31 13:01:12,commit!
2024-07-31 13:53:10,Sismo_Pipeline.log.20240731135310,1217,42,P,partial,0,0,0,0,0,0,0,0,0,,782e40e,2024-07-31 13:01:12,commit!
2024-07-31 13:56:27,Sismo_Pipeline.log.20240731135627,1216,42,P,partial,0,0,0,0,0,0,0,0,0,,782e40e,2024-07-31 13:01:12,commit!
2024-07-31 13:59:04,Sismo_Pipeline.log.20240731135904,1247,43,P,partial,0,0,0,0,0,0,0,0,0,,782e40e,2024-07-31 13:01:12,commit!
2024-07-31 13:59:38,Sismo_Pipeline.log.20240731135938,1802,53,P,trace,0,0,0,0,0,0,0,0,0,UnboundLocalError: cannot access local variable 'DATA_CLIENT' where it is not associated with a value,782e40e,2024-07-31 13:01:12,commit!
2024-07-31 14:00:43,Sismo_Pipeline.log.20240731140043,1766,53,P,trace,0,0,0,0,0,0,0,0,0,AttributeError: 'str' object has no attribute 'base_url',782e40e,2024-07-31 13:01:12,commit!
2024-07-31 14:21:32,Sismo_Pipeline.log.20240731142132,1813440,31655,PE,trace,0,0,0,0,0,0,0,0,0,UnboundLocalError: cannot access local variable 'DATA_CLIENT' where it is not associated with a value,782e40e,2024-07-31 13:01:12,commit!
2024-07-31 14:34:58,Sismo_Pipeline.log.20240731143458,1813370,31654,PE,trace,0,0,0,0,0,0,0,0,0,UnboundLocalError: cannot access local variable 'DATA_CLIENT' where it is not associated with a value,782e40e,2024-07-31 13:01:12,commit!
2024-07-31 14:36:14,Sismo_Pipeline.log.20240731143614,1813370,31654,PE,trace,0,0,0,0,0,0,0,0,0,UnboundLocalError: cannot access local variable 'DATA_CLIENT' where it is not associated with a value,782e40e,2024-07-31 13:01:12,commit!
2024-08-02 13:58:09,Sismo_Pipeline.log.20240802135809,1813444,31655,PE,trace,0,0,0,0,0,0,0,0,0,UnboundLocalError: cannot access local variable 'DATA_CLIENT' where it is not associated with a value,d3036fa,2024-08-02 13:56:29,commit
2024-08-02 13:58:30,Sismo_Pipeline.log.20240802135830,631,21,P,partial,0,0,0,0,0,0,0,0,0,,d3036fa,2024-08-02 13:56:29,commit
2024-08-02 13:59:35,Sismo_Pipeline.log.20240802135935,631,21,P,partial,0,0,0,0,0,0,0,0,0,,d3036fa,2024-08-02 13:56:29,commit
2024-08-02 14:00:35,Sismo_Pipeline.log.20240802140035,645,20,-,ok,0,0,0,0,0,0,0,0,0,,d3036fa,2024-08-02 13:56:29,commit
2024-08-02 14:00:40,Sismo_Pipeline.log.20240802140040,1060,27,-,partial,0,0,0,0,0,0,0,0,0,,d3036fa,2024-08-02 13:56:29,commit
2024-08-02 14:01:17,Sismo_Pipeline.log.20240802140117,1060,27,-,partial,0,0,0,0,0,0,0,0,0,,d3036fa,2024-08-02 13:56:29,commit
2024-08-02 14:01:45,Sismo_Pipeline.log.20240802140145,1022,29,-,trace,0,0,0,0,0,0,0,0,0,FileNotFoundError: [Errno 2] No such file or directory: 'arquivos/catalogo/catalogo_jul',d3036fa,2024-08-02 13:56:29,commit
2024-08-02 14:02:33,Sismo_Pipeline.log.20240802140233,1022,29,-,trace,0,0,0,0,0,0,0,0,0,FileNotFoundError: [Errno 2] No such file or directory: 'arquivos/catalogo/catalogo_jul',d3036fa,2024-08-02 13:56:29,commit
2024-08-02 14:03:14,Sismo_Pipeline.log.20240802140314,736,26,-,trace,0,0,0,0,0,0,0,0,0,IndexError: list index out of range,d3036fa,2024-08-02 13:56:29,commit
2024-08-02 14:03:45,Sismo_Pipeline.log.20240802140345,1022,29,-,trace,0,0,0,0,0,0,0,0,0,FileNotFoundError: [Errno 2] No such file or directory: 'arquivos/catalogo/catalogo_jul',d3036fa,2024-08-02 13:56:29,commit
2024-08-02 14:07:03,Sismo_Pipeline.log.20240802140703,1022,29,-,trace,0,0,0,0,0,0,0,0,0,FileNotFoundError: [Errno 2] No such file or directory: 'arquivos/catalogo/catalogo_jul',d3036fa,2024-08-02 13:56:29,commit
2024-08-02 14:08:08,Sismo_Pipeline.log.20240802140808,1484,49,P,trace,0,0,0,0,0,0,0,0,0,FileNotFoundError: [Errno 2] No such file or directory: 'arquivos/catalogo/catalogo_jul',d3036fa,2024-08-02 13:56:29,commit
2024-08-02 14:09:10,Sismo_Pipeline.log.20240802140910,1511,50,P,trace,0,0,0,0,0,0,0,0,0,FileNotFoundError: [Errno 2] No such file or directory: 'arquivos/catalogo/catalogo_jul',d3036fa,2024-08-02 13:56:29,commit
2024-08-02 14:09:58,Sismo_Pipeline.log.20240802140958,1233,47,P,trace,0,0,0,0,0,0,0,0,0,IndexError: list index out of range,d3036fa,2024-08-02 13:56:29,commit
2024-08-02 14:11:40,Sismo_Pipeline.log.20240802141140,1192,46,P,trace,0,0,0,0,0,0,0,0,0,IndexError: list index out of range,d3036fa,2024-08-02 13:56:29,commit
2024-08-02 14:28:49,Sismo_Pipeline.log.20240802142849,1494,47,P,partial,0,0,0,0,0,0,0,0,0,,d3036fa,2024-08-02 13:56:29,commit
2024-08-02 14:59:45,Sismo_Pipeline.log.20240802145945,1494,47,P,partial,0,0,0,0,0,0,0,0,0,,d3036fa,2024-08-02 13:56:29,commit
2024-08-02 15:00:06,Sismo_Pipeline.log.20240802150006,1494,47,P,partial,0,0,0,0,0,0,0,0,0,,d3036fa,2024-08-02 13:56:29,commit
2024-08-02 15:00:44,Sismo_Pipeline.log.20240802150044,1494,47,P,partial,0,0,0,0,0,0,0,0,0,,d3036fa,2024-08-02 13:56:29,commit
2024-08-02 15:13:14,Sismo_Pipeline.log.20240802151314,1494,47,P,partial,0,0,0,0,0,0,0,0,0,,d3036fa,2024-08-02 13:56:29,commit
2024-08-02 15:30:44,Sismo_Pipeline.log.20240802153044,1494,47,P,partial,0,0,0,0,0,0,0,0,0,,d3036fa,2024-08-02 13:56:29,commit
2024-08-02 15:58:57,Sismo_Pipeline.log.20240802155857,1494,47,P,partial,0,0,0,0,0,0,0,0,0,,d3036fa,2024-08-02 13:56:29,commit
2024-08-03 00:41:46,Sismo_Pipeline.log.20240803004146,1452,48,P,trace,0,0,0,0,0,0,0,0,0,FileNotFoundError: [Errno 2] No such file or directory: 'arquivos/catalogo/Catalog_jul',52f81a9,2024-08-02 16:35:44,commit
2024-08-05 10:46:07,Sismo_Pipeline.log.20240805104607,764,24,-,trace,0,0,0,0,0,0,0,0,0,ModuleNotFoundError: No module named 'nucleo',52f81a9,2024-08-02 16:35:44,commit
2024-08-05 14:10:37,Sismo_Pipeline.log.20240805141037,61758616,1904864,PE,ok,10381,254044,1,1,842,0,244968,21,1,,5b3ee71,2024-08-05 13:24:57,commit
2024-08-05 14:11:01,Sismo_Pipeline.log.20240805141101,631,21,P,partial,0,0,0,0,0,0,0,0,0,,5b3ee71,2024-08-05 13:24:57,commit
2024-08-05 14:11:09,Sismo_Pipeline.log.20240805141109,631,21,P,partial,0,0,0,0,0,0,0,0,0,,5b3ee71,2024-08-05 13:24:57,commit
2024-08-05 14:11:22,Sismo_Pipeline.log.20240805141122,645,20,-,ok,0,0,0,0,0,0,0,0,0,,5b3ee71,2024-08-05 13:24:57,commit
2024-08-05 14:16:28,Sismo_Pipeline.log.20240805141628,1405,44,P,partial,0,0,0,0,0,0,0,0,0,,5b3ee71,2024-08-05 13:24:57,commit
2024-08-05 14:17:04,Sismo_Pipeline.log.20240805141704,1397,44,P,partial,0,0,0,0,0,0,0,0,0,,5b3ee71,2024-08-05 13:24:57,commit
2024-08-05 14:17:45,Sismo_Pipeline.log.20240805141745,1397,44,P,partial,0,0,0,0,0,0,0,0,0,,5b3ee71,2024-08-05 13:24:57,commit
2024-08-05 14:19:13,Sismo_Pipeline.log.20240805141913,1397,44,P,partial,0,0,0,0,0,0,0,0,0,,5b3ee71,2024-08-05 13:24:57,commit
2024-08-06 14:16:19,Sismo_Pipeline.log.20240806141619,1429,45,P,partial,0,0,0,0,0,0,0,0,0,,922e674,2024-08-06 14:13:23,commit
2024-08-06 14:16:51,Sismo_Pipeline.log.20240806141651,1135,31,-,trace,0,0,0,0,0,0,0,0,0,TypeError: '<=' not supported between instances of 'int' and 'list',922e674,2024-08-06 14:13:23,commit
2024-08-06 14:23:24,Sismo_Pipeline.log.20240806142324,1135,31,-,trace,0,0,0,0,0,0,0,0,0,TypeError: '<=' not supported between instances of 'int' and 'list',922e674,2024-08-06 14:13:23,commit
2024-08-06 14:28:47,Sismo_Pipeline.log.20240806142847,1193,30,-,trace,0,0,0,0,0,0,0,0,0,UnboundLocalError: cannot access local variable 'DATA_CLIENT' where it is not associated with a value,922e674,2024-08-06 14:13:23,commit
2024-08-06 15:00:22,Sismo_Pipeline.log.20240806150022,65588291,1096679,E,trace,10526,256179,1,1,256181,256181,0,21,1,TypeError: cannot unpack non-iterable NoneType object,922e674,2024-08-06 14:13:23,commit
2024-08-06 15:01:43,Sismo_Pipeline.log.20240806150143,731,22,-,partial,0,0,0,0,0,0,0,0,0,,922e674,2024-08-06 14:13:23,commit
2024-08-06 15:03:04,Sismo_Pipeline.log.20240806150304,731,22,-,partial,0,0,0,0,0,0,0,0,0,,922e674,2024-08-06 14:13:23,commit
2024-08-06 15:03:22,Sismo_Pipeline.log.20240806150322,2644,62,PO,trace,0,0,0,0,0,0,0,0,0,FileNotFoundError: [Errno 2] No such file or directory: 'arquivos/resultados/predito.csv',922e674,2024-08-06 14:13:23,commit
2024-08-08 10:46:45,Sismo_Pipeline.log.20240808104645,689,22,P,trace,0,0,0,0,0,0,0,0,0,ModuleNotFoundError: No module named 'pygmt',d65a262,2024-08-08 10:42:27,commit
2024-08-08 10:51:08,Sismo_Pipeline.log.20240808105108,2260,49,P,trace,0,0,0,0,0,0,0,0,0,pyogrio.errors.DataSourceError: /home/ipt/database/shp/ne_110m_admin_0_countries.shp: Arquivo ou diretÃ³rio inexistente,d65a262,2024-08-08 10:42:27,commit
2024-08-08 10:53:28,Sismo_Pipeline.log.20240808105328,4102,72,P,trace,0,0,0,0,0,0,0,0,0,"ImportError: Failed to import any of the following Qt binding modules: PyQt5, PySide2",d65a262,2024-08-08 10:42:27,commit
2024-08-08 10:54:06,Sismo_Pipeline.log.20240808105406,1019,24,P,partial,0,0,0,0,0,0,0,0,0,,d65a262,2024-08-08 10:42:27,commit
2024-08-08 10:54:23,Sismo_Pipeline.log.20240808105423,1019,24,P,partial,0,0,0,0,0,0,0,0,0,,d65a262,2024-08-08 10:42:27,commit
2024-08-08 10:58:36,Sismo_Pipeline.log.20240808105836,739,24,-,trace,0,0,0,0,0,0,0,0,0,ModuleNotFoundError: No module named 'nucleo',d65a262,2024-08-08 10:42:27,commit
2024-08-08 10:59:25,Sismo_Pipeline.log.20240808105925,739,24,-,trace,0,0,0,0,0,0,0,0,0,ModuleNotFoundError: No module named 'nucleo',d65a262,2024-08-08 10:42:27,commit
2024-08-08 11:01:32,Sismo_Pipeline.log.20240808110132,731,22,-,partial,0,0,0,0,0,0,0,0,0,,d65a262,2024-08-08 10:42:27,commit
2024-08-08 11:03:52,Sismo_Pipeline.log.20240808110352,725,22,-,partial,0,0,0,0,0,0,0,0,0,,d65a262,2024-08-08 10:42:27,commit
2024-08-08 12:36:55,Sismo_Pipeline.log.20240808123655,41945880,702125,E,partial,6939,163300,0,0,163301,163300,0,15,0,,d65a262,2024-08-08 10:42:27,commit
2024-08-08 12:37:46,Sismo_Pipeline.log.20240808123746,12422,249,E,partial,0,0,0,0,0,0,0,0,0,,d65a262,2024-08-08 10:42:27,commit
2024-08-08 13:10:05,Sismo_Pipeline.log.20240808131005,2494,62,E,partial,0,0,0,0,0,0,0,0,0,,d65a262,2024-08-08 10:42:27,commit
2024-08-08 13:11:43,Sismo_Pipeline.log.20240808131143,1934,51,E,partial,0,0,0,0,0,0,0,0,0,,d65a262,2024-08-08 10:42:27,commit
2024-08-08 13:15:38,Sismo_Pipeline.log.20240808131538,2094,56,E,partial,0,0,0,0,0,0,0,0,0,,d65a262,2024-08-08 10:42:27,commit
2024-08-08 13:16:48,Sismo_Pipeline.log.20240808131648,1787,50,E,partial,0,0,0,0,0,0,0,0,0,,d65a262,2024-08-08 10:42:27,commit
2024-08-08 13:19:25,Sismo_Pipeline.log.20240808131925,1635,47,E,partial,0,0,0,0,0,0,0,0,0,,d65a262,2024-08-08 10:42:27,commit
2024-08-08 13:20:09,Sismo_Pipeline.log.20240808132009,2043,55,E,partial,0,0,0,0,0,0,0,0,0,,d65a262,2024-08-08 10:42:27,commit
2024-08-08 13:20:28,Sismo_Pipeline.log.20240808132028,1588,47,E,partial,0,0,0,0,0,0,0,0,0,,d65a262,2024-08-08 10:42:27,commit
2024-08-08 13:20:50,Sismo_Pipeline.log.20240808132050,6674,143,E,partial,0,0,0,0,0,0,0,0,0,,d65a262,2024-08-08 10:42:27,commit
2024-08-08 13:53:36,Sismo_Pipeline.log.20240808135336,631666,10589,E,trace,99,2467,1,1,2467,2467,0,0,0,TypeError: cannot unpack non-iterable NoneType object,d65a262,2024-08-08 10:42:27,commit
2024-08-08 13:55:01,Sismo_Pipeline.log.20240808135501,838756,13054,E,trace,99,2467,1,1,4934,2467,0,0,0,TypeError: cannot unpack non-iterable NoneType object,d65a262,2024-08-08 10:42:27,commit
2024-08-08 13:57:15,Sismo_Pipeline.log.20240808135715,631532,10587,E,trace,99,2467,1,1,2467,2467,0,0,0,TypeError: cannot unpack non-iterable NoneType object,d65a262,2024-08-08 10:42:27,commit
2024-08-08 14:14:37,Sismo_Pipeline.log.20240808141437,631536,10587,E,trace,99,2467,1,1,2467,2467,0,0,0,TypeError: cannot unpack non-iterable NoneType object,d65a262,2024-08-08 10:42:27,commit
2024-08-08 14:14:51,Sismo_Pipeline.log.20240808141451,75905,1286,E,trace,9,292,1,1,292,292,0,0,0,TypeError: cannot unpack non-iterable NoneType object,d65a262,2024-08-08 10:42:27,commit
2024-08-08 14:15:24,Sismo_Pipeline.log.20240808141524,43288,741,E,trace,4,164,1,1,164,164,0,0,0,TypeError: cannot unpack non-iterable NoneType object,d65a262,2024-08-08 10:42:27,commit
2024-08-08 14:17:13,Sismo_Pipeline.log.20240808141713,9455,184,E,trace,2,30,1,1,30,30,0,0,0,TypeError: cannot unpack non-iterable NoneType object,d65a262,2024-08-08 10:42:27,commit
2024-08-08 14:18:59,Sismo_Pipeline.log.20240808141859,17560,495,E,trace,0,0,0,0,0,2,0,0,0,UnboundLocalError: cannot access local variable 'inventario_bkp' where it is not associated with a value,d65a262,2024-08-08 10:42:27,commit
2024-08-08 14:19:33,Sismo_Pipeline.log.20240808141933,17589,496,E,trace,0,0,0,0,0,2,0,0,0,UnboundLocalError: cannot access local variable 'inventario_bkp' where it is not associated with a value,d65a262,2024-08-08 10:42:27,commit
2024-08-08 14:19:44,Sismo_Pipeline.log.20240808141944,28486,765,E,trace,2,30,1,1,60,0,0,0,0,TypeError: cannot unpack non-iterable NoneType object,d65a262,2024-08-08 10:42:27,commit
2024-08-08 14:20:06,Sismo_Pipeline.log.20240808142006,27762,747,E,trace,1,27,1,1,54,0,0,0,0,TypeError: cannot unpack non-iterable NoneType object,d65a262,2024-08-08 10:42:27,commit
2024-08-08 14:20:34,Sismo_Pipeline.log.20240808142034,28486,765,E,trace,2,30,1,1,60,0,0,0,0,TypeError: cannot unpack non-iterable NoneType object,d65a262,2024-08-08 10:42:27,commit
2024-08-08 14:20:41,Sismo_Pipeline.log.20240808142041,28486,765,E,trace,2,30,1,1,60,0,0,0,0,TypeError: cannot unpack non-iterable NoneType object,d65a262,2024-08-08 10:42:27,commit
2024-08-08 14:21:57,Sismo_Pipeline.log.20240808142157,27762,747,E,trace,1,27,1,1,54,0,0,0,0,TypeError: cannot unpack non-iterable NoneType object,d65a262,2024-08-08 10:42:27,commit
2024-08-08 14:22:31,Sismo_Pipeline.log.20240808142231,7348,170,E,trace,1,27,1,1,54,0,0,0,0,TypeError: cannot unpack non-iterable NoneType object,d65a262,2024-08-08 10:42:27,commit
2024-08-08 14:24:41,Sismo_Pipeline.log.20240808142441,7354,170,E,trace,1,27,1,1,54,0,0,0,0,TypeError: cannot unpack non-iterable NoneType object,d65a262,2024-08-08 10:42:27,commit
2024-08-08 14:38:40,Sismo_Pipeline.log.20240808143840,7489,170,E,trace,1,27,1,1,54,0,0,0,0,TypeError: cannot unpack non-iterable NoneType object,d65a262,2024-08-08 10:42:27,commit
2024-08-08 14:39:12,Sismo_Pipeline.log.20240808143912,7483,171,E,ok,1,27,1,1,54,0,0,0,0,,d65a262,2024-08-08 10:42:27,commit
2024-08-08 14:39:33,Sismo_Pipeline.log.20240808143933,7915,198,E,ok,1,27,1,1,54,0,0,0,0,,d65a262,2024-08-08 10:42:27,commit
2024-08-08 15:17:14,Sismo_Pipeline.log.20240808151714,8773,224,E,ok,1,27,1,1,54,0,0,0,0,,d65a262,2024-08-08 10:42:27,commit
2024-08-08 15:23:14,Sismo_Pipeline.log.20240808152314,8850,281,E,ok,1,27,1,1,0,0,27,0,0,,d65a262,2024-08-08 10:42:27,commit
2024-08-08 15:25:44,Sismo_Pipeline.log.20240808152544,8850,281,E,ok,1,27,1,1,0,0,27,0,0,,d65a262,2024-08-08 10:42:27,commit
2024-08-08 15:53:50,Sismo_Pipeline.log.20240808155350,644816,21163,E,ok,100,2467,1,1,22,0,2356,0,0,,5b404b2,2024-08-08 15:26:51,Teste com 100 amostras funcionou 100%
2024-08-08 15:54:08,Sismo_Pipeline.log.20240808155408,1017,24,P,partial,0,0,0,0,0,0,0,0,0,,5b404b2,2024-08-08 15:26:51,Teste com 100 amostras funcionou 100%
2024-08-08 16:04:51,Sismo_Pipeline.log.20240808160451,1017,24,P,partial,0,0,0,0,0,0,0,0,0,,5b404b2,2024-08-08 15:26:51,Teste com 100 amostras funcionou 100%
2024-08-08 16:05:33,Sismo_Pipeline.log.20240808160533,1017,24,P,partial,0,0,0,0,0,0,0,0,0,,5b404b2,2024-08-08 15:26:51,Teste com 100 amostras funcionou 100%
2024-08-08 16:06:24,Sismo_Pipeline.log.20240808160624,1017,24,P,partial,0,0,0,0,0,0,0,0,0,,5b404b2,2024-08-08 15:26:51,Teste com 100 amostras funcionou 100%
2024-08-08 16:50:44,Sismo_Pipeline.log.20240808165044,1051,25,P,partial,0,0,0,0,0,0,0,0,0,,5b404b2,2024-08-08 15:26:51,Teste com 100 amostras funcionou 100%
2024-08-08 17:12:45,Sismo_Pipeline.log.20240808171245,20095,493,P,partial,0,0,0,0,0,0,0,0,0,,5b404b2,2024-08-08 15:26:51,Teste com 100 amostras funcionou 100%
2024-08-08 17:38:40,Sismo_Pipeline.log.20240808173840,21309,495,P,partial,0,0,0,0,0,0,0,0,0,,5b404b2,2024-08-08 15:26:51,Teste com 100 amostras funcionou 100%
2024-08-08 17:38:45,Sismo_Pipeline.log.20240808173845,20095,493,P,partial,0,0,0,0,0,0,0,0,0,,5b404b2,2024-08-08 15:26:51,Teste com 100 amostras funcionou 100%
2024-08-08 17:44:41,Sismo_Pipeline.log.20240808174441,20096,493,P,partial,0,0,0,0,0,0,0,0,0,,5b404b2,2024-08-08 15:26:51,Teste com 100 amostras funcionou 100%
2024-08-08 17:45:54,Sismo_Pipeline.log.20240808174554,20096,493,P,partial,0,0,0,0,0,0,0,0,0,,5b404b2,2024-08-08 15:26:51,Teste com 100 amostras funcionou 100%
2024-08-08 17:46:30,Sismo_Pipeline.log.20240808174630,2614,54,P,trace,0,0,0,0,0,0,0,0,0,"ImportError: Cannot load backend 'Qt5Agg' which requires the 'qt' interactive framework, as 'headless' is currently running",5b404b2,2024-08-08 15:26:51,Teste com 100 amostras funcionou 100%
2024-08-08 17:46:40,Sismo_Pipeline.log.20240808174640,2614,54,P,trace,0,0,0,0,0,0,0,0,0,"ImportError: Cannot load backend 'Qt5Agg' which requires the 'qt' interactive framework, as 'headless' is currently running",5b404b2,2024-08-08 15:26:51,Teste com 100 amostras funcionou 100%
2024-08-08 17:50:01,Sismo_Pipeline.log.20240808175001,2613,54,P,trace,0,0,0,0,0,0,0,0,0,"ImportError: Cannot load backend 'Qt5Agg' which requires the 'qt' interactive framework, as 'headless' is currently running",5b404b2,2024-08-08 15:26:51,Teste com 100 amostras funcionou 100%
2024-08-08 17:50:05,Sismo_Pipeline.log.20240808175005,514,19,P,partial,0,0,0,0,0,0,0,0,0,,5b404b2,2024-08-08 15:26:51,Teste com 100 amostras funcionou 100%
2024-08-08 17:52:43,Sismo_Pipeline.log.20240808175243,20337,495,P,partial,0,0,0,0,0,0,0,0,0,,5b404b2,2024-08-08 15:26:51,Teste com 100 amostras funcionou 100%
2024-08-08 17:53:13,Sismo_Pipeline.log.20240808175313,1970,44,P,trace,0,0,0,0,0,0,0,0,0,"TypeError: (<class 'geopandas.geoseries.GeoSeries'>, <class 'method'>)",5b404b2,2024-08-08 15:26:51,Teste com 100 amostras funcionou 100%
2024-08-08 18:10:13,Sismo_Pipeline.log.20240808181013,20095,493,P,partial,0,0,0,0,0,0,0,0,0,,5b404b2,2024-08-08 15:26:51,Teste com 100 amostras funcionou 100%
2024-08-09 12:06:47,Sismo_Pipeline.log.20240809120647,20095,493,P,partial,0,0,0,0,0,0,0,0,0,,5b404b2,2024-08-08 15:26:51,Teste com 100 amostras funcionou 100%
2024-08-09 12:09:42,Sismo_Pipeline.log.20240809120942,747,24,-,trace,0,0,0,0,0,0,0,0,0,ModuleNotFoundError: No module named 'obspy',5b404b2,2024-08-08 15:26:51,Teste com 100 amostras funcionou 100%
2024-08-09 12:10:05,Sismo_Pipeline.log.20240809121005,1377,33,-,trace,0,0,0,0,0,0,0,0,0,FileNotFoundError: [Errno 2] No such file or directory: '/home/ggrl/projetos/ClassificadorSismologico/logs/fluxo_eventos.log',5b404b2,2024-08-08 15:26:51,Teste com 100 amostras funcionou 100%
2024-08-11 01:02:05,Sismo_Pipeline.log.20240811010205,1377,33,-,trace,0,0,0,0,0,0,0,0,0,FileNotFoundError: [Errno 2] No such file or directory: '/home/ggrl/projetos/ClassificadorSismologico/logs/fluxo_eventos.log',5b404b2,2024-08-08 15:26:51,Teste com 100 amostras funcionou 100%
2024-08-11 01:05:01,Sismo_Pipeline.log.20240811010501,1377,33,-,trace,0,0,0,0,0,0,0,0,0,FileNotFoundError: [Errno 2] No such file or directory: '/home/ggrl/projetos/ClassificadorSismologico/logs/fluxo_eventos.log',5b404b2,2024-08-08 15:26:51,Teste com 100 amostras funcionou 100%
2024-08-11 01:05:46,Sismo_Pipeline.log.20240811010546,1382,33,-,trace,0,0,0,0,0,0,0,0,0,FileNotFoundError: [Errno 2] No such file or directory: '/home/ggrl/projetos/ClassificadorSismologico/registros/fluxo_eventos.log',5b404b2,2024-08-08 15:26:51,Teste com 100 amostras funcionou 100%
2024-08-11 01:21:36,Sismo_Pipeline.log.20240811012136,644627,21160,E,ok,100,2467,1,1,22,0,2356,0,0,,5b404b2,2024-08-08 15:26:51,Teste com 100 amostras funcionou 100%
2024-08-11 01:22:54,Sismo_Pipeline.log.20240811012254,20089,493,P,partial,0,0,0,0,0,0,0,0,0,,5b404b2,2024-08-08 15:26:51,Teste com 100 amostras funcionou 100%
2024-08-11 01:33:26,Sismo_Pipeline.log.20240811013326,2609,54,P,trace,0,0,0,0,0,0,0,0,0,"ImportError: Cannot load backend 'Qt5Agg' which requires the 'qt' interactive framework, as 'headless' is currently running",5b404b2,2024-08-08 15:26:51,Teste com 100 amostras funcionou 100%
2024-08-11 01:40:25,Sismo_Pipeline.log.20240811014025,20089,493,P,partial,0,0,0,0,0,0,0,0,0,,5b404b2,2024-08-08 15:26:51,Teste com 100 amostras funcionou 100%
2024-08-11 01:42:13,Sismo_Pipeline.log.20240811014213,5886,126,PE,partial,0,0,0,0,0,0,0,0,0,,5b404b2,2024-08-08 15:26:51,Teste com 100 amostras funcionou 100%
2024-08-11 02:10:23,Sismo_Pipeline.log.20240811021023,1971503,64631,PER,partial,300,7613,1,1,44,0,7369,1,0,,5b404b2,2024-08-08 15:26:51,Teste com 100 amostras funcionou 100%
2024-08-11 02:14:23,Sismo_Pipeline.log.20240811021423,1971846,64635,PER,partial,300,7613,1,1,44,0,7369,1,0,,5b404b2,2024-08-08 15:26:51,Teste com 100 amostras funcionou 100%
2024-08-11 02:14:44,Sismo_Pipeline.log.20240811021444,1889,47,P,ok,0,0,0,0,0,0,0,0,0,,5b404b2,2024-08-08 15:26:51,Teste com 100 amostras funcionou 100%
2024-08-12 08:42:43,Sismo_Pipeline.log.20240812084243,1751,51,PRO,trace,0,0,0,0,0,0,0,0,0,KeyError: ['Pick Prob_Nat'],5b404b2,2024-08-08 15:26:51,Teste com 100 amostras funcionou 100%
2024-08-12 08:45:58,Sismo_Pipeline.log.20240812084558,1188,42,P,partial,0,0,0,0,0,0,0,0,0,,5b404b2,2024-08-08 15:26:51,Teste com 100 amostras funcionou 100%
2024-08-12 09:25:49,Sismo_Pipeline.log.20240812092549,1103,42,P,partial,0,0,0,0,0,0,0,0,0,,5b404b2,2024-08-08 15:26:51,Teste com 100 amostras funcionou 100%
2024-08-12 09:26:10,Sismo_Pipeline.log.20240812092610,1103,42,P,partial,0,0,0,0,0,0,0,0,0,,5b404b2,2024-08-08 15:26:51,Teste com 100 amostras funcionou 100%
2024-08-12 09:29:18,Sismo_Pipeline.log.20240812092918,52383,987,PE,partial,0,0,0,0,0,0,0,0,0,,5b404b2,2024-08-08 15:26:51,Teste com 100 amostras funcionou 100%
2024-08-12 14:00:41,Sismo_Pipeline.log.20240812140041,2894,72,PRO,trace,0,0,0,0,0,0,0,0,0,KeyError: 'Column not found: CFT',5b78da9,2024-08-12 14:00:05,commit
2024-08-12 14:01:55,Sismo_Pipeline.log.20240812140155,1496,39,P,trace,0,0,0,0,0,0,0,0,0,AttributeError: 'GeoSeries' object has no attribute 'union_all',5b78da9,2024-08-12 14:00:05,commit
2024-08-12 14:02:26,Sismo_Pipeline.log.20240812140226,1263,36,P,trace,0,0,0,0,0,0,0,0,0,TypeError: 'Polygon' object is not callable,5b78da9,2024-08-12 14:00:05,commit
2024-08-12 14:08:51,Sismo_Pipeline.log.20240812140851,1992,51,P,partial,0,0,0,0,0,0,0,0,0,,5b78da9,2024-08-12 14:00:05,commit
2024-08-12 14:08:55,Sismo_Pipeline.log.20240812140855,509,19,P,partial,0,0,0,0,0,0,0,0,0,,5b78da9,2024-08-12 14:00:05,commit
2024-08-12 14:18:01,Sismo_Pipeline.log.20240812141801,2019810,65949,PEROMT,partial,300,7613,1,1,44,0,7369,1,0,,5b78da9,2024-08-12 14:00:05,commit
2024-08-12 15:01:04,Sismo_Pipeline.log.20240812150104,635318,21601,PEROMT,partial,998,751,1,1,160,0,0,3,0,,5b78da9,2024-08-12 14:00:05,commit
2024-08-12 15:13:59,Sismo_Pipeline.log.20240812151359,27417,507,PMT,partial,0,0,0,0,0,0,0,0,0,,5b78da9,2024-08-12 14:00:05,commit
2024-08-13 15:23:33,Sismo_Pipeline.log.20240813152333,27417,507,PMT,partial,0,0,0,0,0,0,0,0,0,,5b78da9,2024-08-12 14:00:05,commit
2024-08-20 08:17:48,Sismo_Pipeline.log.20240820081748,2212,58,P,partial,0,0,0,0,0,0,0,0,0,,5b78da9,2024-08-12 14:00:05,commit
2024-08-20 08:17:58,Sismo_Pipeline.log.20240820081758,512,20,-,partial,0,0,0,0,0,0,0,0,0,,5b78da9,2024-08-12 14:00:05,commit
2024-08-20 09:21:44,Sismo_Pipeline.log.20240820092144,2216,58,P,partial,0,0,0,0,0,0,0,0,0,,5b78da9,2024-08-12 14:00:05,commit
2024-08-20 09:22:11,Sismo_Pipeline.log.20240820092211,848,23,P,partial,0,0,0,0,0,0,0,0,0,,5b78da9,2024-08-12 14:00:05,commit
2024-08-20 09:24:12,Sismo_Pipeline.log.20240820092412,2216,58,P,partial,0,0,0,0,0,0,0,0,0,,5b78da9,2024-08-12 14:00:05,commit
2024-08-20 09:30:12,Sismo_Pipeline.log.20240820093012,154916,4712,PE,partial,194,153,0,0,34,0,0,1,0,,5b78da9,2024-08-12 14:00:05,commit
2024-08-20 10:01:30,Sismo_Pipeline.log.20240820100130,589372,20002,PEROMT,partial,993,750,1,1,160,0,0,3,0,,5b78da9,2024-08-12 14:00:05,commit
2024-08-26 17:12:59,Sismo_Pipeline.log.20240826171259,5963289,203330,PEROMT,partial,10459,8162,1,1,1680,0,0,21,1,,79a3ba0,2024-08-26 13:38:51,commit
2024-08-26 17:15:04,Sismo_Pipeline.log.20240826171504,30698,597,PE,partial,0,0,0,0,0,0,0,0,0,,79a3ba0,2024-08-26 13:38:51,commit
2024-10-05 12:43:44,Sismo_Pipeline.log.20241005124344,11321777,533059,PEROMT,partial,10469,255861,1,1,1680,0,0,21,1,,44d4d65,2024-08-27 12:02:30,"run, revisando erros. Rodou clean"
2024-10-05 15:11:31,Sismo_Pipeline.log.20241005151131,1997809,77308,PERO,trace,1490,37023,1,1,318,0,0,3,0,KeyError: 'Column not found: CFT',44d4d65,2024-08-27 12:02:30,"run, revisando erros. Rodou clean"
2024-10-08 12:38:13,Sismo_Pipeline.log.20241008123813,17294211,554181,PERO,trace,10476,9203,1,1,2200,0,0,21,1,KeyError: 'Column not found: CFT',44d4d65,2024-08-27 12:02:30,"run, revisando erros. Rodou clean"
2024-10-08 17:03:39,Sismo_Pipeline.log.20241008170339,17333234,554705,PERO,trace,10475,9648,1,1,3190,0,0,21,1,KeyError: 'Column not found: CFT',44d4d65,2024-08-27 12:02:30,"run, revisando erros. Rodou clean"
2024-10-10 14:02:33,Sismo_Pipeline.log.20241010140233,17167228,552269,PERO,trace,10463,8477,1,1,738,0,0,21,1,KeyError: 'Column not found: CFT',44d4d65,2024-08-27 12:02:30,"run, revisando erros. Rodou clean"
2024-10-10 16:05:21,Sismo_Pipeline.log.20241010160521,5537146,94624,RO,trace,0,0,0,0,0,0,0,0,0,KeyError: 'Column not found: CFT',44d4d65,2024-08-27 12:02:30,"run, revisando erros. Rodou clean"
2024-10-10 16:09:14,Sismo_Pipeline.log.20241010160914,12889,464,O,trace,0,0,0,0,0,0,0,0,0,KeyError: 'Column not found: CFT',44d4d65,2024-08-27 12:02:30,"run, revisando erros. Rodou clean"
2024-10-10 16:12:00,Sismo_Pipeline.log.20241010161200,12836,462,O,trace,0,0,0,0,0,0,0,0,0,KeyError: 'Column not found: CFT',44d4d65,2024-08-27 12:02:30,"run, revisando erros. Rodou clean"
2024-10-10 18:31:55,Sismo_Pipeline.log.20241010183155,14469,523,O,trace,0,0,0,0,0,0,0,0,0,KeyError: 'Column not found: CFT',2c6e2ac,2024-10-10 18:19:03,commit
2024-10-10 18:32:45,Sismo_Pipeline.log.20241010183245,4129,70,PR,trace,0,0,0,0,0,0,0,0,0,AttributeError: 'Series' object has no attribute 'append',2c6e2ac,2024-10-10 18:19:03,commit
2024-10-11 17:45:20,Sismo_Pipeline.log.20241011174520,13508,487,O,trace,0,0,0,0,0,0,0,0,0,KeyError: 'Column not found: CFT',2c6e2ac,2024-10-10 18:19:03,commit
2024-10-11 17:53:51,Sismo_Pipeline.log.20241011175351,13696,494,O,trace,0,0,0,0,0,0,0,0,0,KeyError: 'Column not found: CFT',2c6e2ac,2024-10-10 18:19:03,commit
2024-10-11 18:03:09,Sismo_Pipeline.log.20241011180309,4129,70,PR,trace,0,0,0,0,0,0,0,0,0,AttributeError: 'Series' object has no attribute 'append',2c6e2ac,2024-10-10 18:19:03,commit
2024-10-13 10:52:26,Sismo_Pipeline.log.20241013105226,4212,73,PR,trace,0,0,0,0,0,0,0,0,0,AttributeError: 'Series' object has no attribute 'append',2c6e2ac,2024-10-10 18:19:03,commit
2024-10-14 07:28:04,Sismo_Pipeline.log.20241014072804,4212,73,PR,trace,0,0,0,0,0,0,0,0,0,AttributeError: 'Series' object has no attribute 'append',2c6e2ac,2024-10-10 18:19:03,commit
2024-10-14 07:37:45,Sismo_Pipeline.log.20241014073745,2391,40,R,trace,0,0,0,0,0,0,0,0,0,AttributeError: 'Series' object has no attribute 'append',2c6e2ac,2024-10-10 18:19:03,commit
2024-10-14 07:54:46,Sismo_Pipeline.log.20241014075446,637114,9242,R,trace,0,0,0,0,0,0,0,0,0,AttributeError: 'Series' object has no attribute 'append',2c6e2ac,2024-10-10 18:19:03,commit
2024-10-14 08:03:35,Sismo_Pipeline.log.20241014080335,637114,9242,R,trace,0,0,0,0,0,0,0,0,0,AttributeError: 'Series' object has no attribute 'append',2c6e2ac,2024-10-10 18:19:03,commit
2024-10-14 09:04:30,Sismo_Pipeline.log.20241014090430,5622852,72957,RO,trace,0,0,0,0,0,0,0,0,0,"ImportError: Cannot load backend 'Qt5Agg' which requires the 'qt' interactive framework, as 'headless' is currently running",2c6e2ac,2024-10-10 18:19:03,commit
2024-10-14 10:22:42,Sismo_Pipeline.log.20241014102242,15741,533,O,trace,0,0,0,0,0,0,0,0,0,"ImportError: Cannot load backend 'Qt5Agg' which requires the 'qt' interactive framework, as 'headless' is currently running",2c6e2ac,2024-10-10 18:19:03,commit
2024-10-14 13:11:56,Sismo_Pipeline.log.20241014131156,70609,2321,PE,trace,99,93,1,1,44,0,0,0,0,AttributeError: 'list' object has no attribute 'loc',76a2f25,2024-10-14 13:11:11,adicionou [0].append para usar o primeiro da swries
2024-10-14 13:12:27,Sismo_Pipeline.log.20241014131227,1730,49,O,trace,0,0,0,0,0,0,0,0,0,KeyError: 'Column not found: CFT',76a2f25,2024-10-14 13:11:11,adicionou [0].append para usar o primeiro da swries
2024-10-14 13:48:48,Sismo_Pipeline.log.20241014134848,15605,528,O,trace,0,0,0,0,0,0,0,0,0,"ImportError: Cannot load backend 'Qt5Agg' which requires the 'qt' interactive framework, as 'headless' is currently running",76a2f25,2024-10-14 13:11:11,adicionou [0].append para usar o primeiro da swries
2024-10-14 13:52:50,Sismo_Pipeline.log.20241014135250,15553,526,O,trace,0,0,0,0,0,0,0,0,0,"ImportError: Cannot load backend 'Qt5Agg' which requires the 'qt' interactive framework, as 'headless' is currently running",76a2f25,2024-10-14 13:11:11,adicionou [0].append para usar o primeiro da swries
2024-10-15 06:38:38,Sismo_Pipeline.log.20241015063838,886941,18248,OMT,partial,0,0,0,0,0,0,0,0,0,,76a2f25,2024-10-14 13:11:11,adicionou [0].append para usar o primeiro da swries
2024-10-15 17:33:30,Sismo_Pipeline.log.20241015173330,24845,1032,O,ok,0,0,0,0,0,0,0,0,0,,76a2f25,2024-10-14 13:11:11,adicionou [0].append para usar o primeiro da swries
2024-10-15 17:48:39,Sismo_Pipeline.log.20241015174839,25136,1035,O,trace,0,0,0,0,0,0,0,0,0,TypeError: plot_box_dist() missing 1 required positional argument: 'df_2',76a2f25,2024-10-14 13:11:11,adicionou [0].append para usar o primeiro da swries
2025-07-01 20:47:47,Sismo_Pipeline.log.20250701204747,33765,1134,OM,ok,0,0,0,0,0,0,0,0,0,,76a2f25,2024-10-14 13:11:11,adicionou [0].append para usar o primeiro da swries
2025-07-01 20:47:57,Sismo_Pipeline.log.20250701204757,694,23,P,trace,0,0,0,0,0,0,0,0,0,ModuleNotFoundError: No module named 'pandas',76a2f25,2024-10-14 13:11:11,adicionou [0].append para usar o primeiro da swries
2025-07-01 20:48:06,Sismo_Pipeline.log.20250701204806,699,23,P,trace,0,0,0,0,0,0,0,0,0,ModuleNotFoundError: No module named 'shapely',76a2f25,2024-10-14 13:11:11,adicionou [0].append para usar o primeiro da swries
2025-07-01 20:48:17,Sismo_Pipeline.log.20250701204817,701,23,P,trace,0,0,0,0,0,0,0,0,0,ModuleNotFoundError: No module named 'geopandas',76a2f25,2024-10-14 13:11:11,adicionou [0].append para usar o primeiro da swries
2025-07-01 20:48:25,Sismo_Pipeline.log.20250701204825,686,23,P,trace,0,0,0,0,0,0,0,0,0,ModuleNotFoundError: No module named 'pygmt',76a2f25,2024-10-14 13:11:11,adicionou [0].append para usar o primeiro da swries
2025-07-01 20:48:32,Sismo_Pipeline.log.20250701204832,686,23,P,trace,0,0,0,0,0,0,0,0,0,ModuleNotFoundError: No module named 'pygmt',76a2f25,2024-10-14 13:11:11,adicionou [0].append para usar o primeiro da swries
2025-07-01 21:01:39,Sismo_Pipeline.log.20250701210139,841,24,P,trace,0,0,0,0,0,0,0,0,0,ModuleNotFoundError: No module named 'obspy',76a2f25,2024-10-14 13:11:11,adicionou [0].append para usar o primeiro da swries
2025-07-01 21:01:53,Sismo_Pipeline.log.20250701210153,694,23,P,trace,0,0,0,0,0,0,0,0,0,ModuleNotFoundError: No module named 'pandas',76a2f25,2024-10-14 13:11:11,adicionou [0].append para usar o primeiro da swries
2025-07-01 21:18:51,Sismo_Pipeline.log.20250701211851,686,23,P,trace,0,0,0,0,0,0,0,0,0,ModuleNotFoundError: No module named 'pygmt',76a2f25,2024-10-14 13:11:11,adicionou [0].append para usar o primeiro da swries
2025-07-01 21:19:04,Sismo_Pipeline.log.20250701211904,686,23,P,trace,0,0,0,0,0,0,0,0,0,ModuleNotFoundError: No module named 'pygmt',76a2f25,2024-10-14 13:11:11,adicionou [0].append para usar o primeiro da swries
2025-07-01 21:20:49,Sismo_Pipeline.log.20250701212049,798,23,P,partial,0,0,0,0,0,0,0,0,0,,76a2f25,2024-10-14 13:11:11,adicionou [0].append para usar o primeiro da swries
2025-07-01 21:20:55,Sismo_Pipeline.log.20250701212055,654,20,-,ok,0,0,0,0,0,0,0,0,0,,76a2f25,2024-10-14 13:11:11,adicionou [0].append para usar o primeiro da swries
2025-07-01 21:21:06,Sismo_Pipeline.log.20250701212106,742,24,-,trace,0,0,0,0,0,0,0,0,0,ModuleNotFoundError: No module named 'tqdm',76a2f25,2024-10-14 13:11:11,adicionou [0].append para usar o primeiro da swries
2025-07-01 21:23:39,Sismo_Pipeline.log.20250701212339,757,24,-,trace,0,0,0,0,0,0,0,0,0,ModuleNotFoundError: No module named 'nucleo',76a2f25,2024-10-14 13:11:11,adicionou [0].append para usar o primeiro da swries
2025-07-08 15:42:17,Sismo_Pipeline.log.20250708154217,531,20,-,partial,0,0,0,0,0,0,0,0,0,,a54209a,2025-07-08 15:27:24,Merge pull request #7 from Gabriel-Goes/codex/escolher-e-adicionar-licenca-ao-repositorio
2025-07-08 15:43:03,Sismo_Pipeline.log.20250708154303,798,23,P,partial,0,0,0,0,0,0,0,0,0,,a54209a,2025-07-08 15:27:24,Merge pull request #7 from Gabriel-Goes/codex/escolher-e-adicionar-licenca-ao-repositorio
2025-07-08 15:43:10,Sismo_Pipeline.log.20250708154310,654,20,-,ok,0,0,0,0,0,0,0,0,0,,a54209a,2025-07-08 15:27:24,Merge pull request #7 from Gabriel-Goes/codex/escolher-e-adicionar-licenca-ao-repositorio
2025-07-08 15:43:38,Sismo_Pipeline.log.20250708154338,531,20,-,partial,0,0,0,0,0,0,0,0,0,,a54209a,2025-07-08 15:27:24,Merge pull request #7 from Gabriel-Goes/codex/escolher-e-adicionar-licenca-ao-repositorio
2025-07-08 15:43:50,Sismo_Pipeline.log.20250708154350,653,20,-,ok,0,0,0,0,0,0,0,0,0,,a54209a,2025-07-08 15:27:24,Merge pull request #7 from Gabriel-Goes/codex/escolher-e-adicionar-licenca-ao-repositorio
2025-07-08 15:46:00,Sismo_Pipeline.log.20250708154600,531,20,-,partial,0,0,0,0,0,0,0,0,0,,a54209a,2025-07-08 15:27:24,Merge pull request #7 from Gabriel-Goes/codex/escolher-e-adicionar-licenca-ao-repositorio
2026-02-10 06:10:01,Sismo_Pipeline.log.20260210061001,531,20,-,partial,0,0,0,0,0,0,0,0,0,,ffb74a8,2026-02-10 05:30:49,chore(repo): consolidar baseline legado em .specs/codebase
2026-02-10 06:10:06,Sismo_Pipeline.log.20260210061006,715,23,P,trace,0,0,0,0,0,0,0,0,0,ModuleNotFoundError: No module named 'shapely',ffb74a8,2026-02-10 05:30:49,chore(repo): consolidar baseline legado em .specs/codebase
2026-02-10 06:10:11,Sismo_Pipeline.log.20260210061011,645,20,-,ok,0,0,0,0,0,0,0,0,0,,ffb74a8,2026-02-10 05:30:49,chore(repo): consolidar baseline legado em .specs/codebase
2026-02-10 06:10:17,Sismo_Pipeline.log.20260210061017,546,17,-,partial,0,0,0,0,0,0,0,0,0,,ffb74a8,2026-02-10 05:30:49,chore(repo): consolidar baseline legado em .specs/codebase
2026-02-10 06:10:26,Sismo_Pipeline.log.20260210061026,831,22,R,trace,0,0,0,0,0,0,0,0,0,ModuleNotFoundError: No module named 'tensorflow',ffb74a8,2026-02-10 05:30:49,chore(repo): consolidar baseline legado em .specs/codebase
2026-02-10 06:10:30,Sismo_Pipeline.log.20260210061030,720,22,M,ok,0,0,0,0,0,0,0,0,0,,ffb74a8,2026-02-10 05:30:49,chore(repo): consolidar baseline legado em .specs/codebase
2026-02-10 06:10:37,Sismo_Pipeline.log.20260210061037,10700,205,T,partial,0,0,0,0,0,0,0,0,0,,ffb74a8,2026-02-10 05:30:49,chore(repo): consolidar baseline legado em .specs/codebase
2026-02-10 06:10:39,Sismo_Pipeline.log.20260210061039,1730,48,-,ok,0,0,0,0,0,0,0,0,0,,ffb74a8,2026-02-10 05:30:49,chore(repo): consolidar baseline legado em .specs/codebase
